alg,N,m,repetitions,t_add,t_get
WRSWR-BIN,34240686,3424069,100,28.234017344161856,3.63
WRSWR-BIN,34240686,342407,100,17.949567220703457,58.800000000000004
WRSWR-BIN,34240686,34241,100,17.01158814195487,2.56
WRSWR-BIN,34240686,3425,100,16.926156700248352,4.390000000000001
WRAExp-J,34240686,3424069,100,63.313972090979725,6.268304051400001e8
WRAExp-J,34240686,342407,100,7.436388725973536,4.524304526e7
WRAExp-J,34240686,34241,100,3.5189679575929054,3.76732991e6
WRAExp-J,34240686,3425,100,3.1451885654393714,349277.97000000003
WRSWR-SKIP,34240686,3424069,100,8.621851440417988,9.450000000000001
WRSWR-SKIP,34240686,342407,100,2.5124268161566627,9.22
WRSWR-SKIP,34240686,34241,100,1.74814293673906,8.180000000000001
WRSWR-SKIP,34240686,3425,100,1.6209248611432612,8.120000000000001
