alg,N,m,d,repetitions,t_add,t_get
WRSWR-BIN,10000000,1000,d_decr,100,15.351767258000008,3.6700000000000004
WRSWR-BIN,10000000,10000,d_decr,100,15.476184351000002,3.94
WRSWR-BIN,10000000,100000,d_decr,100,15.719699089999997,3.66
WRSWR-BIN,10000000,1000000,d_decr,100,19.063183873999996,4.680000000000001
WRAExp-J,10000000,1000,d_decr,100,3.0741342810000005,81035.38
WRAExp-J,10000000,10000,d_decr,100,3.3204783489999996,914356.77
WRAExp-J,10000000,100000,d_decr,100,5.671898599000001,1.042682492e7
WRAExp-J,10000000,1000000,d_decr,100,30.680991763000012,1.2113268227000001e8
WRSWR-SKIP,10000000,1000,d_decr,100,2.5568252619999994,10.120000000000001
WRSWR-SKIP,10000000,10000,d_decr,100,2.6231644160000007,7.570000000000001
WRSWR-SKIP,10000000,100000,d_decr,100,3.0551440570000015,9.71
WRSWR-SKIP,10000000,1000000,d_decr,100,6.853534331000001,9.91
WRSWR-BIN,10000000,1000,d_const,100,15.514981697000003,4.670000000000001
WRSWR-BIN,10000000,10000,d_const,100,15.661928006000004,4.65
WRSWR-BIN,10000000,100000,d_const,100,18.322097050000004,4.7700000000000005
WRSWR-BIN,10000000,1000000,d_const,100,43.01236574400001,4.700000000000001
WRAExp-J,10000000,1000,d_const,100,3.1586977939999996,103805.02
WRAExp-J,10000000,10000,d_const,100,4.0101058410000014,1.06259209e6
WRAExp-J,10000000,100000,d_const,100,11.213429000999996,1.255766748e7
WRAExp-J,10000000,1000000,d_const,100,65.902981587,1.5659078689e8
WRSWR-SKIP,10000000,1000,d_const,100,2.6010059800000014,6.240000000000001
WRSWR-SKIP,10000000,10000,d_const,100,2.889858204,8.270000000000001
WRSWR-SKIP,10000000,100000,d_const,100,5.284384767000001,9.72
WRSWR-SKIP,10000000,1000000,d_const,100,20.140484113000003,9.660000000000002
WRSWR-BIN,10000000,1000,d_incr,100,15.512825132000005,4.6000000000000005
WRSWR-BIN,10000000,10000,d_incr,100,15.966000717999995,5.12
WRSWR-BIN,10000000,100000,d_incr,100,21.065067476000003,6.3
WRSWR-BIN,10000000,1000000,d_incr,100,66.010967182,3.8900000000000006
WRAExp-J,10000000,1000,d_incr,100,3.4165506430000008,96650.21
WRAExp-J,10000000,10000,d_incr,100,4.7180384370000015,1.0320041799999999e6
WRAExp-J,10000000,100000,d_incr,100,17.500391315000005,1.2637909870000001e7
WRAExp-J,10000000,1000000,d_incr,100,103.122172538,1.5031790519000003e8
WRSWR-SKIP,10000000,1000,d_incr,100,2.6298687370000007,7.170000000000001
WRSWR-SKIP,10000000,10000,d_incr,100,3.216991788000002,6.71
WRSWR-SKIP,10000000,100000,d_incr,100,7.403542585000004,8.180000000000001
WRSWR-SKIP,10000000,1000000,d_incr,100,30.919183713000013,9.800000000000002
